id_muestra,tipo_documento,formato,anonimizado,valor_esperado_pyg,fecha_esperada,comercio_esperado,monto_detectado_pyg,fecha_detectada,comercio_detectado,confianza,estado,advertencias,monto_correcto,fecha_correcta,comercio_evaluable,comercio_correcto,corregido_manual,latencia_segundos,causa_error,eliminado_de_app
OCR-001,,,,,,,,,,,,,,,,,,,,
OCR-002,,,,,,,,,,,,,,,,,,,,
OCR-003,,,,,,,,,,,,,,,,,,,,
OCR-004,,,,,,,,,,,,,,,,,,,,
OCR-005,,,,,,,,,,,,,,,,,,,,
OCR-006,,,,,,,,,,,,,,,,,,,,
OCR-007,,,,,,,,,,,,,,,,,,,,
OCR-008,,,,,,,,,,,,,,,,,,,,
OCR-009,,,,,,,,,,,,,,,,,,,,
OCR-010,,,,,,,,,,,,,,,,,,,,
OCR-011,,,,,,,,,,,,,,,,,,,,
OCR-012,,,,,,,,,,,,,,,,,,,,
OCR-013,,,,,,,,,,,,,,,,,,,,
OCR-014,,,,,,,,,,,,,,,,,,,,
OCR-015,,,,,,,,,,,,,,,,,,,,
OCR-016,,,,,,,,,,,,,,,,,,,,
OCR-017,,,,,,,,,,,,,,,,,,,,
OCR-018,,,,,,,,,,,,,,,,,,,,
OCR-019,,,,,,,,,,,,,,,,,,,,
OCR-020,,,,,,,,,,,,,,,,,,,,
OCR-021,,,,,,,,,,,,,,,,,,,,
OCR-022,,,,,,,,,,,,,,,,,,,,
OCR-023,,,,,,,,,,,,,,,,,,,,
OCR-024,,,,,,,,,,,,,,,,,,,,
OCR-025,,,,,,,,,,,,,,,,,,,,
OCR-026,,,,,,,,,,,,,,,,,,,,
OCR-027,,,,,,,,,,,,,,,,,,,,
OCR-028,,,,,,,,,,,,,,,,,,,,
OCR-029,,,,,,,,,,,,,,,,,,,,
OCR-030,,,,,,,,,,,,,,,,,,,,
